{"val_loss": 0.6161415874958038, "val_avg": 0.771316409111023, "val_tc": 0.8238344192504883, "val_wt": 0.5839396119117737, "val_et": 0.8517991304397583, "epoch": 100, "trainer/global_step": 700, "_timestamp": 1719690828.519102, "_runtime": 846.4876871109009, "_step": 340, "train_loss_epoch": 0.6094062924385071, "lr-AdamW": 1.0817380275315557e-06, "lr-AdamW-momentum": 0.9, "train_loss_step": 0.6372998356819153, "test_loss": 0.5842205211520195, "test_avg": 0.8038414716720581, "test_tc": 0.869161069393158, "test_wt": 0.586089015007019, "test_et": 0.8909167051315308, "_wandb": {"runtime": 845}}