{"val_loss": 1.141741305589676, "val_avg": 0.011976118199527264, "val_tc": 0.0025406628847122192, "val_wt": 0.028319798409938812, "val_et": 0.00981325563043356, "epoch": 0, "trainer/global_step": 6, "_timestamp": 1719834506.5956702, "_runtime": 27.356094121932983, "_step": 1, "test_loss": 1.141741305589676, "test_avg": 0.011976118199527264, "test_tc": 0.0025406628847122192, "test_wt": 0.028319798409938812, "test_et": 0.00981325563043356, "_wandb": {"runtime": 26}}