{"val_loss": 0.6602497696876526, "val_avg": 0.37421268224716187, "val_tc": 0.28055131435394287, "val_wt": 0.6797645688056946, "val_et": 0.26191362738609314, "epoch": 100, "trainer/global_step": 700, "_timestamp": 1719691806.7126024, "_runtime": 866.6019043922424, "_step": 340, "train_loss_epoch": 0.5828152298927307, "lr-AdamW": 1.0817380275315557e-06, "lr-AdamW-momentum": 0.9, "train_loss_step": 0.3232126832008362, "test_loss": 0.6510292738676071, "test_avg": 0.3876359760761261, "test_tc": 0.3052791655063629, "test_wt": 0.6738057136535645, "test_et": 0.265593558549881, "_wandb": {"runtime": 865}}