{"val_loss": 0.9597881635030111, "val_avg": 0.41197827458381653, "val_tc": 0.1666666716337204, "val_wt": 0.5692681670188904, "val_et": 0.5, "epoch": 17, "trainer/global_step": 89, "_timestamp": 1719572115.4232798, "_runtime": 393.62617588043213, "_step": 53, "train_loss_epoch": 1.6312164068222046, "lr-AdamW": 0.00028838231836911905, "lr-AdamW-momentum": 0.9, "train_loss_step": 1.5696887969970703, "_wandb": {"runtime": 400}}