{"val_loss": 1.1430761615435283, "val_avg": 0.011876419186592102, "val_tc": 0.0023589320480823517, "val_wt": 0.032843541353940964, "val_et": 0.00042678273166529834, "epoch": 0, "trainer/global_step": 4, "_timestamp": 1719572241.907421, "_runtime": 40.569305181503296, "_step": 0, "_wandb": {"runtime": 42}}