{"val_loss": 0.6113913804292679, "val_avg": 0.7039969563484192, "val_tc": 0.6640232801437378, "val_wt": 0.6666889190673828, "val_et": 0.8166522979736328, "epoch": 100, "trainer/global_step": 500, "_timestamp": 1719664193.2483728, "_runtime": 1914.8835117816925, "_step": 300, "train_loss_epoch": 0.8384783864021301, "lr-AdamW": 1.0817380275315557e-06, "lr-AdamW-momentum": 0.9, "train_loss_step": 1.5155367851257324, "test_loss": 0.6099278877178828, "test_avg": 0.7062093019485474, "test_tc": 0.6665129065513611, "test_wt": 0.6732617020606995, "test_et": 0.8160569071769714, "_wandb": {"runtime": 1914}}