{"val_loss": 0.955124040444692, "val_avg": 0.2968146502971649, "val_tc": 0.1666666716337204, "val_wt": 0.42913946509361267, "val_et": 0.5, "epoch": 20, "trainer/global_step": 101, "_timestamp": 1719688402.8566926, "_runtime": 454.64775562286377, "_step": 60, "train_loss_epoch": 1.519347071647644, "lr-AdamW": 0.00028426203480820414, "lr-AdamW-momentum": 0.9, "train_loss_step": 1.5040736198425293, "test_loss": 0.955124040444692, "test_avg": 0.2968146502971649, "test_tc": 0.1666666716337204, "test_wt": 0.42913946509361267, "test_et": 0.5, "_wandb": {"runtime": 453}}