{"val_loss": 0.835542768239975, "val_avg": 0.6690034866333008, "val_tc": 0.5, "val_wt": 0.6760140657424927, "val_et": 1.0, "epoch": 100, "trainer/global_step": 700, "_timestamp": 1719689934.997038, "_runtime": 926.5644798278809, "_step": 340, "train_loss_epoch": 0.5832527875900269, "lr-AdamW": 1.0817380275315557e-06, "lr-AdamW-momentum": 0.9, "train_loss_step": 0.36960411071777344, "test_loss": 0.8283733129501343, "test_avg": 0.4276699423789978, "test_tc": 0.0, "test_wt": 0.7106797695159912, "test_et": 1.0, "_wandb": {"runtime": 925}}