{"val_loss": 0.5827044943968455, "val_avg": 0.669365406036377, "val_tc": 0.654313862323761, "val_wt": 0.7108790874481201, "val_et": 0.6429032683372498, "epoch": 70, "trainer/global_step": 354, "_timestamp": 1719528747.1867914, "_runtime": 1339.6603164672852, "_step": 211, "train_loss_epoch": 0.8628969192504883, "lr-AdamW": 7.291404871970832e-05, "lr-AdamW-momentum": 0.9, "train_loss_step": 1.3735007047653198, "_wandb": {"runtime": 1351}}