{"val_loss": 0.5351045355200768, "val_avg": 0.8504267334938049, "val_tc": 0.8776096105575562, "val_wt": 0.7664421796798706, "val_et": 0.8760775923728943, "epoch": 100, "trainer/global_step": 600, "_timestamp": 1719692346.2471662, "_runtime": 962.6811501979828, "_step": 320, "train_loss_epoch": 0.829414427280426, "lr-AdamW": 1.0817380275315557e-06, "lr-AdamW-momentum": 0.9, "train_loss_step": 0.3811764121055603, "test_loss": 0.5335635729134083, "test_avg": 0.7273110151290894, "test_tc": 0.6293081641197205, "test_wt": 0.7697097063064575, "test_et": 0.8773055076599121, "_wandb": {"runtime": 961}}